28,37,YMAPWFREEE
70,76,FRGFLDA
86,93,YEAIESWD
91,102,SWDFKKIEKLEE
106,126,LLKRLQPEFKTRIIPTDIISD
131,137,LINQECE
141,155,QICSTKGMMAGAEKL
160,185,LRSDKENWPKTLKLALEKERNKFSEL
213,224,YQEDPECQNLSE
238,249,YSPFKPRNYQLE
250,263,LALPAMKGKNTIIC
253,272,PAMKGKNTIICAPTGCGKTF
276,296,LICEHHLKKFPQGQKGKVVFF
328,342,TAENVPVEQIVENND
352,366,VNNLKKGTIPSLSIF
371,386,FDECHNTSKQHPYNMI
389,407,NYLDQKLGGSSGPLPQVIG
409,425,TASVGVGDAKNTDEALD
431,438,CASLDASV
437,449,SVIATVKHNLEEL
452,459,VVYKPQKF
460,478,FRKVESRISDKFKYIIAQL
522,532,VFQMPDKDEES
532,539,SRICKALF
557,569,HARMKDALDYLKD
570,579,FFSNVRAAGF
580,596,DEIEQDLTQRFEEKLQE
600,611,VSRDPSNENPKL
633,653,FVKTRALVDALKNWIEGNPKL
634,653,VKTRALVDALKNWIEGNPKL
656,661,LKPGIL
685,694,FKASGDHNIL
746,755,GVIEKEQINM
