12,24,FQDYIRKTLDPTY
12,26,FQDYIRKTLDPTYIL
12,27,FQDYIRKTLDPTYILS
13,26,QDYIRKTLDPTYIL
14,26,DYIRKTLDPTYIL
15,24,YIRKTLDPTY
15,26,YIRKTLDPTYIL
15,27,YIRKTLDPTYILS
16,24,IRKTLDPTY
16,26,IRKTLDPTYIL
16,27,IRKTLDPTYILS
27,35,SYMAPWFRE
27,37,SYMAPWFREEE
27,39,SYMAPWFREEEVQ
28,35,YMAPWFRE
28,37,YMAPWFREEE
28,39,YMAPWFREEEVQ
33,40,FREEEVQY
38,53,VQYIQAEKNNKGPMEA
40,56,YIQAEKNNKGPMEAATL
70,76,FRGFLDA
75,85,DALDHAGYSGL
77,85,LDHAGYSGL
86,93,YEAIESWD
86,102,YEAIESWDFKKIEKLEE
91,102,SWDFKKIEKLEE
93,102,DFKKIEKLEE
94,102,FKKIEKLEE
95,102,KKIEKLEE
103,114,YRLLLKRLQPEF
106,114,LLKRLQPEF
106,126,LLKRLQPEFKTRIIPTDIISD
106,127,LLKRLQPEFKTRIIPTDIISDL
108,114,KRLQPEF
108,126,KRLQPEFKTRIIPTDIISD
108,127,KRLQPEFKTRIIPTDIISDL
115,126,KTRIIPTDIISD
115,127,KTRIIPTDIISDL
115,129,KTRIIPTDIISDLSE
130,138,CLINQECEE
131,137,LINQECE
139,155,ILQICSTKGMMAGAEKL
139,157,ILQICSTKGMMAGAEKLVE
141,155,QICSTKGMMAGAEKL
141,157,QICSTKGMMAGAEKLVE
142,155,ICSTKGMMAGAEKL
142,157,ICSTKGMMAGAEKLVE
158,173,CLLRSDKENWPKTLKL
158,175,CLLRSDKENWPKTLKLAL
159,173,LLRSDKENWPKTLKL
159,175,LLRSDKENWPKTLKLAL
160,173,LRSDKENWPKTLKL
160,175,LRSDKENWPKTLKLAL
160,185,LRSDKENWPKTLKLALEKERNKFSEL
161,173,RSDKENWPKTLKL
161,175,RSDKENWPKTLKLAL
174,185,ALEKERNKFSEL
176,185,EKERNKFSEL
186,194,WIVEKGIKD
186,196,WIVEKGIKDVE
186,197,WIVEKGIKDVET
186,199,WIVEKGIKDVETED
186,200,WIVEKGIKDVETEDL
186,202,WIVEKGIKDVETEDLED
186,208,WIVEKGIKDVETEDLEDKMETSD
187,200,IVEKGIKDVETEDL
201,212,EDKMETSDIQIF
213,222,YQEDPECQNL
213,224,YQEDPECQNLSE
223,237,SENSCPPSEVSDTNL
225,237,NSCPPSEVSDTNL
232,237,VSDTNL
238,245,YSPFKPRN
238,248,YSPFKPRNYQL
238,249,YSPFKPRNYQLE
238,250,YSPFKPRNYQLEL
250,259,LALPAMKGKN
250,263,LALPAMKGKNTIIC
250,264,LALPAMKGKNTIICA
250,272,LALPAMKGKNTIICAPTGCGKTF
250,275,LALPAMKGKNTIICAPTGCGKTFVSL
250,276,LALPAMKGKNTIICAPTGCGKTFVSLL
253,272,PAMKGKNTIICAPTGCGKTF
253,276,PAMKGKNTIICAPTGCGKTFVSLL
264,276,APTGCGKTFVSLL
276,295,LICEHHLKKFPQGQKGKVVF
276,296,LICEHHLKKFPQGQKGKVVFF
277,295,ICEHHLKKFPQGQKGKVVF
296,306,FANQIPVYEQQ
296,310,FANQIPVYEQQKSVF
296,313,FANQIPVYEQQKSVFSKY
297,310,ANQIPVYEQQKSVF
304,310,EQQKSVF
311,319,SKYFERHGY
311,336,SKYFERHGYRVTGISGATAENVPVEQ
314,336,FERHGYRVTGISGATAENVPVEQ
320,336,RVTGISGATAENVPVEQ
328,342,TAENVPVEQIVENND
337,342,IVENND
343,351,IIILTPQIL
343,363,IIILTPQILVNNLKKGTIPSL
352,363,VNNLKKGTIPSL
352,365,VNNLKKGTIPSLSI
352,366,VNNLKKGTIPSLSIF
352,368,VNNLKKGTIPSLSIFTL
368,385,LMIFDECHNTSKQHPYNM
369,385,MIFDECHNTSKQHPYNM
369,387,MIFDECHNTSKQHPYNMIM
370,385,IFDECHNTSKQHPYNM
370,387,IFDECHNTSKQHPYNMIM
371,386,FDECHNTSKQHPYNMI
371,387,FDECHNTSKQHPYNMIM
372,387,DECHNTSKQHPYNMIM
372,388,DECHNTSKQHPYNMIMF
388,407,FNYLDQKLGGSSGPLPQVIG
388,408,FNYLDQKLGGSSGPLPQVIGL
389,407,NYLDQKLGGSSGPLPQVIG
389,408,NYLDQKLGGSSGPLPQVIGL
390,408,YLDQKLGGSSGPLPQVIGL
392,408,DQKLGGSSGPLPQVIGL
408,424,LTASVGVGDAKNTDEAL
409,424,TASVGVGDAKNTDEAL
409,425,TASVGVGDAKNTDEALD
409,426,TASVGVGDAKNTDEALDY
425,430,DYICKL
431,438,CASLDASV
435,448,DASVIATVKHNLEE
435,449,DASVIATVKHNLEEL
435,451,DASVIATVKHNLEELEQ
437,448,SVIATVKHNLEE
437,449,SVIATVKHNLEEL
437,451,SVIATVKHNLEELEQ
439,448,IATVKHNLEE
439,451,IATVKHNLEELEQ
440,449,ATVKHNLEEL
449,459,LEQVVYKPQKF
450,459,EQVVYKPQKF
451,459,QVVYKPQKF
452,459,VVYKPQKF
460,471,FRKVESRISDKF
460,476,FRKVESRISDKFKYIIA
460,477,FRKVESRISDKFKYIIAQ
460,478,FRKVESRISDKFKYIIAQL
477,485,QLMRDTESL
479,496,MRDTESLAKRICKDLENL
479,511,MRDTESLAKRICKDLENLSQIQNREFGTQKYEQ
486,496,AKRICKDLENL
497,511,SQIQNREFGTQKYEQ
497,512,SQIQNREFGTQKYEQW
504,512,FGTQKYEQW
512,521,WIVTVQKACM
513,521,IVTVQKACM
522,531,VFQMPDKDEE
522,532,VFQMPDKDEES
522,537,VFQMPDKDEESRICKA
522,538,VFQMPDKDEESRICKAL
522,539,VFQMPDKDEESRICKALF
523,537,FQMPDKDEESRICKA
523,539,FQMPDKDEESRICKALF
532,539,SRICKALF
539,552,FLYTSHLRKYNDAL
540,551,LYTSHLRKYNDA
540,552,LYTSHLRKYNDAL
541,552,YTSHLRKYNDAL
541,553,YTSHLRKYNDALI
546,552,RKYNDAL
553,569,IISEHARMKDALDYLKD
557,569,HARMKDALDYLKD
566,574,YLKDFFSNV
566,579,YLKDFFSNVRAAGF
570,579,FFSNVRAAGF
570,580,FFSNVRAAGFD
571,579,FSNVRAAGF
580,586,DEIEQDL
580,590,DEIEQDLTQRF
580,594,DEIEQDLTQRFEEKL
580,596,DEIEQDLTQRFEEKLQE
580,597,DEIEQDLTQRFEEKLQEL
580,599,DEIEQDLTQRFEEKLQELES
591,597,EEKLQEL
595,613,QELESVSRDPSNENPKLED
597,613,LESVSRDPSNENPKLED
598,611,ESVSRDPSNENPKL
598,613,ESVSRDPSNENPKLED
598,614,ESVSRDPSNENPKLEDL
598,616,ESVSRDPSNENPKLEDLCF
600,611,VSRDPSNENPKL
600,613,VSRDPSNENPKLED
616,628,FILQEEYHLNPET
617,628,ILQEEYHLNPET
617,632,ILQEEYHLNPETITIL
619,628,QEEYHLNPET
621,628,EYHLNPET
633,641,FVKTRALVD
633,645,FVKTRALVDALKN
633,653,FVKTRALVDALKNWIEGNPKL
633,655,FVKTRALVDALKNWIEGNPKLSF
634,641,VKTRALVD
634,653,VKTRALVDALKNWIEGNPKL
634,661,VKTRALVDALKNWIEGNPKLSFLKPGIL
642,653,ALKNWIEGNPKL
642,655,ALKNWIEGNPKLSF
642,661,ALKNWIEGNPKLSFLKPGIL
643,661,LKNWIEGNPKLSFLKPGIL
646,653,WIEGNPKL
646,655,WIEGNPKLSF
646,661,WIEGNPKLSFLKPGIL
654,661,SFLKPGIL
654,682,SFLKPGILTGRGKTNQNTGMTLPAQKCIL
656,661,LKPGIL
656,682,LKPGILTGRGKTNQNTGMTLPAQKCIL
662,682,TGRGKTNQNTGMTLPAQKCIL
683,694,DAFKASGDHNIL
685,694,FKASGDHNIL
695,705,IATSVADEGID
695,711,IATSVADEGIDIAQCNL
706,711,IAQCNL
715,724,YEYVGNVIKM
717,724,YVGNVIKM
725,740,IQTRGRGRARGSKCFL
739,755,FLLTSNAGVIEKEQINM
741,755,LTSNAGVIEKEQINM
746,755,GVIEKEQINM
756,766,YKEKMMNDSIL
756,768,YKEKMMNDSILRL
764,770,SILRLQT
767,775,RLQTWDEAV
767,776,RLQTWDEAVF
771,776,WDEAVF
776,789,FREKILHIQTHEKF
777,789,REKILHIQTHEKF
